source_id,organization,title,version_or_date,source_type,url,verified_on,status,notes
SRC-COPE-ETHICS,COPE,Ethical Guidelines for Peer Reviewers,Version 2 September 2017,ethical guideline,https://publicationethics.org/guidance/guideline/ethical-guidelines-peer-reviewers,2026-07-23,current_official,"Core duties for competence, conflicts, confidentiality, timeliness, conduct, and bounded requests"
SRC-COPE-PEER,COPE,Peer review core practice and resources,Current page; first posted 2018,core practice,https://publicationethics.org/news-opinion/peer-review,2026-07-23,current_official,Use with the detailed ethical guideline and current target-journal policy
SRC-ICMJE-REVIEW,ICMJE,Responsibilities in the Submission and Peer-Review Process,Current 2026 recommendations,professional recommendation,https://www.icmje.org/recommendations/browse/roles-and-responsibilities/responsibilities-in-the-submission-and-peer-peview-process.html,2026-07-23,current_official,"Confidentiality, deletion, assistance disclosure, conflicts, constructive review, and editor responsibility"
SRC-ICMJE-AI,ICMJE,Use of AI by Reviewers,Current 2026 recommendations,professional recommendation,https://www.icmje.org/recommendations/browse/artificial-intelligence/ai-use-by-reviewers.html,2026-07-23,current_official,"Follow journal policy, request permission, preserve confidentiality, disclose use, and validate output"
SRC-EQUATOR,EQUATOR Network,Library for health research reporting,Current database,reporting-guideline registry,https://www.equator-network.org/,2026-07-23,current_official,Primary registry for selecting study-type-specific health reporting guidance
SRC-EQUATOR-SELECT,EQUATOR Network,Selecting the appropriate reporting guideline for your article,Current toolkit,selection guidance,https://www.equator-network.org/toolkits/selecting-the-appropriate-reporting-guideline,2026-07-23,current_official,Selection aid for authors editors and peer reviewers
SRC-CONSORT-2025,CONSORT-SPIRIT Group,CONSORT 2025 statement: updated guideline for reporting randomised trials,Published 2025-04-14,primary guideline,https://www.bmj.com/content/389/bmj-2024-081123,2026-07-23,current_primary,"Thirty main items; supersedes 2010; explicitly not a quality assessment instrument"
SRC-SPIRIT-2025,CONSORT-SPIRIT Group,SPIRIT 2025 statement: updated guideline for protocols of randomised trials,Published 2025-04-28,primary guideline,https://www.bmj.com/content/389/bmj-2024-081477,2026-07-23,current_primary,Thirty-four main items; supersedes SPIRIT 2013
SRC-PRISMA-2020,PRISMA Group,PRISMA 2020,2020 statement published 2021,official guideline site,https://www.prisma-statement.org/prisma-2020,2026-07-23,current_official,"Statement, expanded checklist, abstract checklist, and flow diagrams"
SRC-PRISMA-QUALITY,PRISMA Group,The PRISMA 2020 statement: an updated guideline for reporting systematic reviews,Published 2021-03-29,primary guideline,https://www.bmj.com/content/372/bmj.n71,2026-07-23,current_primary,Explicitly not intended to assess conduct or methodological quality
SRC-STROBE,STROBE Initiative,Strengthening the Reporting of Observational Studies in Epidemiology,2007 statement; current site,official guideline site,https://www.strobe-statement.org/,2026-07-23,current_official,"Use design-specific checklist and applicable extensions"
SRC-STARD-2015,EQUATOR Network / STARD Group,STARD 2015: updated list for diagnostic accuracy studies,2015,registry record and primary links,https://www.equator-network.org/reporting-guidelines/stard/,2026-07-23,current_official,Thirty main reporting items for diagnostic accuracy studies
SRC-STARD-QUALITY,EQUATOR Network / STARD Group,STARD reporting guideline applicability guidance,STARD 2015 v1.1,implementation guidance,https://resources.equator-network.org/reporting-guidelines/stard,2026-07-23,current_official,Explicitly separates reporting assessment from design-quality appraisal
SRC-STARD-AI,STARD-AI Steering Committee,The STARD-AI reporting guideline for diagnostic accuracy studies using artificial intelligence,Published 2025-09-15,primary guideline,https://www.nature.com/articles/s41591-025-03953-8,2026-07-23,current_primary,Forty items for AI-centered diagnostic accuracy studies
SRC-TRIPOD-AI,TRIPOD Group,TRIPOD+AI statement: updated guidance for clinical prediction models,Published 2024-04-16; corrected 2024-04-18,primary guideline,https://www.bmj.com/content/385/bmj-2023-078378,2026-07-23,current_primary,"Twenty-seven items; replaces TRIPOD 2015 for regression and machine-learning prediction models"
SRC-CARE,CARE Group,CARE Checklist,2013 checklist; 2017 explanation,official guideline site,https://www.care-statement.org/checklist,2026-07-23,current_official,Case reports including patient perspective and informed consent
SRC-ARRIVE,NC3Rs / ARRIVE Group,The ARRIVE Guidelines 2.0,Published 2020,official guideline site,https://arriveguidelines.org/arrive-guidelines,2026-07-23,current_official,Essential 10 plus Recommended Set for in vivo animal research
SRC-SQUIRE,SQUIRE Group,SQUIRE 2.0 Guidelines,Published 2015,official guideline site,https://www.squire-statement.org/index.cfm?fuseaction=page.viewPage&pageID=471&nodeID=1,2026-07-23,current_official,Quality-improvement reporting; not every element applies to every manuscript
SRC-CHEERS,ISPOR,CHEERS 2022,Published 2022,official guideline site,https://www.ispor.org/heor-resources/good-practices/cheers,2026-07-23,current_official,Replaces 2013 guidance for health economic evaluations
SRC-SAMPL,EQUATOR Network / Lang and Altman,SAMPL guidelines for statistical reporting,2013; journal article 2015,statistical reporting guidance,https://www.equator-network.org/2013/02/11/sampl-guidelines-for-statistical-reporting/,2026-07-23,current_guidance,Succinct biomedical statistical reporting guidance for authors editors and reviewers
SRC-ASA-PVALUE,American Statistical Association,Statement on Statistical Significance and P-Values,Released 2016-03-07,statistical principle statement,https://www.amstat.org/asa/files/pdfs/P-ValueStatement.pdf,2026-07-23,current_official,Do not base conclusions on thresholds alone; report transparently and distinguish effect size from significance
SRC-NIH-RIGOR,National Institutes of Health,Guidance: Rigor and Reproducibility in Grant Applications,Current page updated 2024-10-16,funder guidance,https://grants.nih.gov/policy-and-compliance/policy-topics/reproducibility/guidance,2026-07-23,current_official,"Rigor of prior research, robust design, authentication, and transparent reporting"
SRC-ICH-E9R1,International Council for Harmonisation,ICH E9(R1) Addendum on Estimands and Sensitivity Analysis in Clinical Trials,Step 4 2019; effective 2020,statistical guidance,https://database.ich.org/sites/default/files/E9-R1_Step4_Guideline_2019_1203.pdf,2026-07-23,current_official,Trial estimands missing data and sensitivity analysis; use only when applicable
SRC-MIAME-MINSEQE,NCBI GEO,MIAME and MINSEQE guidelines,Page last modified 2026-07-08,repository implementation guidance,https://www.ncbi.nlm.nih.gov/geo/info/MIAME.html,2026-07-23,current_qualified,GEO still implements both standards; verify current repository submission fields
SRC-MIAPE,HUPO Proteomics Standards Initiative,MIAPE reporting guidelines for proteomics,Current page updated 2024-01-16,domain metadata standard,https://www.psidev.info/miape,2026-07-23,current_qualified,Modular released components have separate versions; select the component matching the workflow
SRC-MIFLOWCYT,International Society for Advancement of Cytometry,MIFlowCyt,Version 1.0; current ISAC recommendation,domain metadata standard,https://isac-net.org/miflowcyt-2/,2026-07-23,current_qualified,Retained as active ISAC guidance for flow-cytometry experiment reporting
SRC-MIAPPE,MIAPPE Community,MIAPPE Releases,Version 1.2 October 2024,domain metadata standard,https://www.miappe.org/releases,2026-07-23,current_official,Version 2.0 remained in early development at verification date
SRC-MIXS,Genomic Standards Consortium,Minimum Information about any Sequence,Current framework,domain metadata standard,https://www.gensc.org/pages/standards-intro.html,2026-07-23,current_official,MIGS and MIMS are legacy checklists within the current MIxS umbrella
SRC-NATURE-POLICY,Nature Portfolio,Peer Review,Current policy at verification,journal policy example,https://www.nature.com/nature-portfolio/editorial-policies/peer-review,2026-07-23,illustrative_policy,Example only; prohibits uploading manuscripts to generative AI and requests AI-use declaration
SRC-BMJ-POLICY,BMJ,AI use,Updated 2026-05-21,publisher policy example,https://authors.bmj.com/policies/ai-use,2026-07-23,illustrative_policy,Example only; protects unpublished material and requires declaration for review-language assistance
SRC-JAMA-POLICY,JAMA Network,Guidance for Authors Peer Reviewers and Editors on Use of AI Language Models and Chatbots,Published 2023-07-27,journal policy example,https://jamanetwork.com/journals/jama/fullarticle/2807956,2026-07-23,illustrative_policy,Example only; prohibits entering manuscript or review text into a chatbot and requires disclosure
